IE_XML_ID;IE_NAME;IE_ID;IE_ACTIVE;IE_ACTIVE_FROM;IE_ACTIVE_TO;IE_PREVIEW_PICTURE;IE_PREVIEW_TEXT;IE_PREVIEW_TEXT_TYPE;IE_DETAIL_PICTURE;IE_DETAIL_TEXT;IE_DETAIL_TEXT_TYPE;IE_CODE;IE_SORT;IE_TAGS;IP_PROP68;IC_GROUP0;IC_GROUP1;IC_GROUP2
181943;Тестовая новость;181943;Y;;;;Lorem Ipsum is simply dummy text of the printing and typesetting industry. Lorem Ipsum has been the industry's standard dummy text ever since the 1500s;text;;Lorem Ipsum is simply dummy text of the printing and typesetting industry. Lorem Ipsum has been the industry's standard dummy text ever since the 1500s, when an unknown printer took a galley of type and scrambled it to make a type specimen book. It has survived not only five centuries, but also the leap into electronic typesetting, remaining essentially unchanged. It was popularised in the 1960s with the release of Letraset sheets containing Lorem Ipsum passages, and more recently with desktop publishing software like Aldus PageMaker including versions of Lorem Ipsum.;text;testovaya-novost;500;;;;;
181946;8888;181946;Y;;;;;text;;"<p><img src=""https://umpgroup.ru/images/1569.jpg"" alt=""принтер этикеток""></p>";html;8888;500;;;;;
237981;Решение BRADY для авиапромышленности: маркировка для Airbus Helicopters;237981;Y;;;;<p>Инженеры европейского отделения BRADY подготовили уникальную прошивку для принтера i7100</p>;html;;"<p style=""text-align: justify;"">
	Производитель воздушного транспорта Airbus Helicopters всерьез озабочен вопросами безопасности производимой техники. Жизнь и здоровье каждого клиента компании напрямую зависит от качества производственных процессов на всех этапах сборки вертолетов. В частности, <strong>Airbus Helicopters</strong> прямо в сборочном цехе производит некоторые двухкомпонентные составы на основе эпоксидных смол с ограниченным сроком жизнеспособности. И уследить за данным сроком было проблематично.
</p>
<p style=""text-align: justify;"">
	Применяемая полуавтоматическая маркировка (занесение вручную данных для печати этикетки со сроком жизнеспособности состава) страдала от неточностей, вызванной человеческим фактором. В результате работник мог использовать частично полимеризованный состав, что приводило к некачественному склеиванию или герметизации, а значит отбраковке целого узла.
</p>
<p style=""text-align: justify;"">
	Airbus Helicopters обратились к специалистам BRADY для разработки индивидуального решения для их конкретной задачи. От принтера требовалась печать этикетки, на которой будет указано наименование состава, время его приготовления (оно же время печати этикетки) и время окончания срока жизнеспособности двухкомпонентного состава. Для каждого состава своя этикетка.
</p>
<table style=""margin-left: auto; margin-right: auto;"" cellspacing=""10"" align=""center"">
<tbody>
<tr>
	<td>
		<a class=""imgbox"" href=""images/products/printers/i7100/brd_airbus_01.png""><img width=""300"" src=""images/products/printers/i7100/brd_airbus_01.png"" title=""УВЕЛИЧИТЬ""></a>
	</td>
	<td>
		<a class=""imgbox"" href=""images/products/printers/i7100/brd_airbus_03.png""><img width=""300"" src=""images/products/printers/i7100/brd_airbus_03.png"" title=""УВЕЛИЧИТЬ""></a>
	</td>
</tr>
</tbody>
</table>
<p style=""text-align: justify;"">
	Задача была решена на основе <a href=""products/1832-printer-etiketok-brady-i7100"" target=""_blank"">принтера этикеток BRADY i7100</a>, для которого инженеры европейского отделения BRADY подготовили уникальную прошивку: в меню принтера остались только необходимые сотрудникам этикетки, данные в которых заносятся автоматически – достаточно нажать на наименование состава. Защищенный сенсорный экран принтера i7100 позволяет не снимать рабочие перчатки для запуска печати, материал был выбран BRADY B-424 – бумага, дешево и эффективно.
</p>
<p style=""text-align: justify;"">
	«<em>Заказ включал 15 принтеров BRADY i7100 с технической поддержкой для каждого принтера в течение трех лет, материал THT-17-424 и риббоны R-4302. В этом году еще 10 принтеров будут заказаны для другого подразделения Airbus Helicopters</em>», – поделился подробностями проекта <strong>Томас Вильгельм</strong>, менеджер по работе с ключевыми клиентами в Германии.
</p>
<p style=""text-align: justify;"">
	Если и вам требуется уникальное маркировочное решение – ЮМП в тесном сотрудничестве с BRADY Европа готовы принять в разработку ваш запрос. Присылайте нам ТЗ на почту <a href=""mailto:order@umpgroup.ru"">order@umpgroup.ru</a> и мы обязательно придумаем, как решить вашу задачу.
</p>";html;reshenie-brady-dlya-aviapromyshlennosti-markirovka-dlya-airbus-helicopters;500;;;;;
237982;Компактные инструменты KLAUKE для резки кабеля: видео использования;237982;Y;;;;<p>Режущие головы этих инструментов выполнены из качественной стали немецкого производства</p>;html;;"<p style=""text-align: justify;"">
	<a href=""products/kabelnye-nakonechniki-i-instrumenty/hand-electro/crimp/elektrogidravlicheskie-kabelerezy-serii-klauke-mini"" target=""_blank"">Электрогидравлические инструменты для резки кабеля – кабелерезы – серии KLAUKE-Mini+</a> без усилий со стороны оператора режут медные и алюминиевые кабели диаметром до 50 мм по оболочке. Очень просто и удобно определить максимальный диаметр резки по наименованию продукта. Например, ESM50 – максимальный диаметр резки 50 мм.
</p>
<p style=""text-align: justify;"">
	Инструменты серии KLAUKE-Mini+ для своего функционала очень компактные и легкие, поэтому с ними проще работать, чем с инструментами других производителей. Стоит отметить, что режущие головы этих инструментов выполнены из <strong>качественной стали немецкого производства</strong>, а потому прослужат долго, обеспечивая высокую эффективность применения резаков. При необходимости все ножи могут быть заменены на новые от официального поставщика.
</p>
<p style=""text-align: justify;"">
	Кабелерезы <strong>ESM50</strong> и <strong>ESM25</strong> имеют режущую голову открытого типа. Такими инструментами легче делать большое количество резок подряд, просто передвигая кабель или сам инструмент. На одно из лезвий в этих инструментах установлена специальная накладка, которая обеспечивает плотное прилегание режущих кромок при схождении лезвий. Такая конструкция позволяет резать кабели с жилами 3-5 класса гибкости, свитые из множества тонких проволок. Эти тонкие проволочки не застрянут между лезвиями и не заклинят инструмент как раз потому, что упомянутая накладка на лезвии имеет паз, в который входит второе лезвие, и движение лезвий происходит в состоянии плотного прижатия их друг к другу.
</p>
<p style=""text-align: justify;"">
	Кабелерез <strong>ESGM45</strong> имеет режущую голову закрытого типа с усиленной конструкцией. Такой инструмент может резать не только медные и алюминиевые кабели, но и алюмо-стальные проводники, обозначаемые обычно как ACSR. Неподвижный нож в инструменте выполнен в виде скобы, которая легко фиксируется в закрытом положении головы штифтом-защёлкой.
</p>
<p style=""text-align: center;"">
	<strong>Оцените компактные кабелерезы Klauke в работе</strong> (Включите субтитры)
</p>
<p style=""text-align: center;"">
	<iframe src=""https://www.youtube.com/embed/85tgxcThknQ"" frameborder=""0"" width=""960"" height=""540""></iframe>
</p>";html;kompaktnye-instrumenty-klauke-dlya-rezki-kabelya-video-ispolzovaniya;500;;;;;
237983;Большой каталог идентификационных решений от BRADY;237983;Y;;;;"<p>
	 1000 человеко-часов работы, 2,5 года скрупулезного сбора данных и 224 страницы подробной информации
</p>";html;;"<p style=""text-align: justify;"">
	<strong>Мы сделали это!</strong> Самый большой каталог за всю историю компании ЮМП готов, и мы делимся плодами наших трудов с вами. Для создания каталога Идентификационные решения BRADY мы потратили почти <strong>1000 человеко-часов и 2,5 года</strong> скрупулезного сбора данных. Вас ждут <strong>224 страницы</strong> подробной информации о принтерах этикеток, материалах, готовой маркировке, знаках безопасности и программном обеспечении.
</p>
<p style=""text-align: justify;"">
	Каталог Идентификационные решения BRADY – это самая актуальная информация о маркировке, предлагаемой компанией ЮМП. Для вашего удобства, мы разбили каталог на 5 частей, которые вы можете скачать по отдельности. Обращаем ваше внимание, что для новых пользователей сайта ЮМП для скачивания каталогов требуется пройти регистрацию в системе (вы увидите форму регистрации при нажатии на ссылку желаемого каталога), для уже зарегистрированных пользователей есть кнопка «<strong>ПРОВЕРИТЬ</strong>».
</p>
<table>
<tbody>
<tr>
	<td valign=""top"">
		<img src=""images/catalog_brady_cover.jpg"" height=""110"">
	</td>
	<td>
		<h3>Каталог Идентификационные решения BRADY</h3>
		<ul>
			<li>Разделы
			<ul>
				<li><a href=""#"" onclick=""catalog(88); return false;"">1. Портативные принтеры этикеток</a><span class=""weightofcat""> 8 МБ</span></li>
				<li><a href=""#"" onclick=""catalog(89); return false;"">2. Настольные принтеры этикеток</a><span class=""weightofcat""> 4.9 МБ</span></li>
				<li><a href=""#"" onclick=""catalog(90); return false;"">3. Материалы ТНТ для настольных принтеров</a><span class=""weightofcat""> 7.3 МБ</span></li>
				<li><a href=""#"" onclick=""catalog(91); return false;"">4. Маркировка готовая, для лазерных принтеров, программное обеспечение</a><span class=""weightofcat""> 3.1 МБ</span></li>
				<li><a href=""#"" onclick=""catalog(92); return false;"">5. Справочная информация для подбора материалов</a><span class=""weightofcat""> 1.4 МБ</span></li>
			</ul>
			<p>
				Для получения полной, неразделенной версии каталога отправьте запрос на <a href=""mailto:promo@umpgroup.ru"" target=""_blank"" style=""padding: 0; background: none;"">promo@umpgroup.ru</a>
			</p>
			<p>
				&nbsp;
			</p>
 </li>
		</ul>
	</td>
</tr>
</tbody>
</table>";html;bolshoy-katalog-identifikatsionnykh-resheniy-ot-brady;500;;;;;
237984;Мультитул WEICON №500: шесть инструментов в одном;237984;Y;;;;<p>Производитель снял инструмент с производства – успейте купить последние экземпляры со склада ЮМП</p>;html;;"<p style=""text-align: justify;"">
	 Как упростить и ускорить выполнение ежедневных операций электромонтажника? Первое, что приходит в голову – выдать сотруднику хорошие инструменты. Много хороших инструментов: ведь для каждой операции (резка, снятие изоляции, обжим и т.д.) требуется отдельный инструмент. В итоге получаем обвешанного целым ворохом предметов электромонтажника, которому еще требуется ничего не забыть.
</p>
<p style=""text-align: justify;"">
	 Или использовать универсальный инструмент от <strong>WEICON-Tools: Мультитул №500</strong>. Этот инструмент сочетает в себе возможности сразу шести разных инструментов, наиболее востребованных в работе электромонтажника:
</p>
<ol>
	<li>Резак</li>
	<li>Стриппер для круглого кабеля</li>
	<li>Стриппер для монтажного провода</li>
	<li>Стриппер для коаксиального провода</li>
	<li>Отвертка (стандартная двусторонняя бита, можно заменить на любую другую)</li>
	<li>Индикатор</li>
</ol>
<p style=""text-align: justify;"">
	 Тщательно проработанный корпус инструмента позволяет максимально удобно использовать любую из шести функций. К сожалению, компания-производитель WEICON-Tools завершила жизненный цикл инструмента и сняла его с производства. Остались последние <strong>9 штук</strong> на складе ЮМП в Москве. Торопитесь – этот отличный инструмент может стать вашим всего за <strong>3 249 рублей</strong> (с НДС). Артикул для заказа:&nbsp;<strong>wcn51000500</strong>
</p>
<p>
 <img alt=""инструмент weicon; стриппер"" src=""images/1078.jpg"" style=""display: block; margin-left: auto; margin-right: auto;"">
</p>";html;multitul-weicon-500-shest-instrumentov-v-odnom;500;;;;;
237985;Маркировка электрических шин на оборудовании SIC Marking;237985;Y;;;;"<p>
	 Стационарный участок нанесения идентификационного номера на медные шины
</p>";html;;"<p style=""text-align: justify;"">
	Электротехническое предприятие «<strong>Вектор</strong>», расположенное в Удмуртской республике, запросило маркировку для прослеживаемости токопроводящих шин из электротехнической меди. Отсутствие маркировки приводило к многочисленным ошибкам в производственном процессе вплоть до полной остановки. От оборудования требовалось обеспечить объем маркировки 400 изделий в смену (8 часов) и возможность считывания «Талона на производства», сформированного в 1С.
</p>
<p style=""text-align: justify;"">
	Специалисты ЮМП предложили <a href=""products/1716-ec1"" target=""_blank"">ударно-точечный стационарный маркиратор SIC Marking ec1</a>. Аппарат довольно компактный, со встроенным контроллером, поддерживает загрузку с USB-носителей и подключение сканера штрих и 2D кодов. В процессе внедрения программное обеспечение было настроено таким образом, что после сканирования задания, распечатанного из 1С, оператору остается нажать кнопку запуска маркировки и дождаться окончания процесса – все, маркировка готова. Заказчик получил 100% идентификацию каждой шины, полностью исключились ошибки в производственном процессе, а сама маркировка придала изделиям более благородный и премиальный вид.
</p>
<p style=""text-align: justify;"">
	Убедитесь сами, как быстро и просто выполняется теперь макрировка на предприятии «<strong>Вектор</strong>»
</p>
<p style=""text-align: center;"">
	<iframe src=""https://www.youtube.com/embed/D97tbbQUweA"" frameborder=""0"" width=""960"" height=""540""></iframe>
</p>
<p>
	Подробные технические характеристики маркиратора ec1 и богатый набор опций вы найдете <a href=""products/1716-ec1"" target=""_blank""><strong>ЗДЕСЬ</strong></a>
</p>
<p>
	До конца марта 2020 ЮМП предлагает купить маркиратор ec1 со значительной скидкой <a href=""about/promo/1261-nashe-luchshee-predlozhenie-na-udarno-tochechnyj-markirator-sic"" target=""_blank""><strong>ЗДЕСЬ</strong></a>
</p>";html;markirovka-elektricheskikh-shin-na-oborudovanii-sic-marking;500;;;;;
237986;Маркировка СКС по ГОСТу при помощи одного аппарата;237986;Y;;;;"<p>
	 Применение маркировки существенно упрощает инсталляцию и ежедневные задачи администрирования кабельной системы
</p>";html;;"<p style=""text-align: justify;"">
	 Сегодня в мире принят <strong>стандарт TIA/EIA-606-B на СКС</strong>, в котором обязательным требованием прописана маркировка компонентов системы: кабелей, патч-панелей, рабочих мест (модулей), шкафов, кроссового оборудования. Применение маркировки существенно упрощает инсталляцию и ежедневные задачи администрирования кабельной системы.&nbsp;<strong>Требования к маркировке СКС описаны в пунктах 9.6.3 и 9.8 ГОСТа Р 53246-2008:</strong>&nbsp;все маркеры должны быть напечатаны на механическом устройстве, четко различимы и надежно крепиться на своих местах на протяжении всего срока службы системы (15–20 лет и более).
</p>
<p style=""text-align: justify;"">
 <strong>Чаще всего маркировка СКС</strong><strong>&nbsp;выполняется «от руки» на недолговечных материалах</strong> с использованием бытовых пишущих предметов. Следствием применения данной технологии нанесения маркировки становится отсутствие однозначной идентификации (читаемости) информации при эксплуатации и обслуживании оборудования.&nbsp;Отсутствие корректной маркировки неизбежно приводит к сложностям масштабирования, администрирования и реорганизации сети связи. Возникает путаница, усложняющая работу персонала, обслуживающего кабельную систему, и увеличивающая сроки выявления и устранения неисправностей в системе. А бюджет компании несет денежные потери из-за простоя оборудования.
</p>
<p style=""text-align: justify;"">
 <a href=""primenenie/polezno-znat/378-markirovka-sks-po-gostu-pri-pomoshchi-odnogo-apparata""><strong>Какие решения предлагает ЮМП &gt;&gt;&gt;</strong></a>
</p>";html;markirovka-sks-po-gostu-pri-pomoshchi-odnogo-apparata;500;;;;;
237987;YouTube канал ЮМП: видеоинструкции, новинки, жизнь компании и многое другое;237987;Y;;;;<p>Все видео на канале сгруппированы в плей-листы, и вы сможете быстро найти ролик по интересующей вас тематике</p>;html;;"<p style=""text-align: justify;"">
	ЮМП приглашает посетить наш YouTube канал. Там вы найдете множество интересных и познавательных видео об использовании предлагаемой ЮМП продукции, расходных материалах, особенностях применения. Все видео на канале сгруппированы в плей-листы, и вы сможете быстро найти ролик по интересующей вас тематике.
</p>
<p style=""text-align: justify;"">
	Мы публикуем обзоры новинок, проводим испытания материалов, демонстрируем особенности печати на разных принтерах. На канале вы найдете видео с выставок и фестивалей, где участвует ЮМП, и уникальные съемки на объектах наших клиентов.
</p>
<p style=""text-align: center;"">
	<a href=""https://www.youtube.com/user/UMPGroup"" target=""_blank""><img src=""images/youtube_btn.png"" alt=""""></a>
</p>
<p style=""text-align: center;"">
	<strong>Будет интересно – подписывайтесь на канал чтобы не пропустить новые видео!</strong>
</p>";html;youtube-kanal-yump-videoinstruktsii-novinki-zhizn-kompanii-i-mnogoe-drugoe;500;;;;;
237988;WEICON Набор для выявления трещин: инспекция топливного бака;237988;Y;;;;"<p>
	 Как быстро и эффективно выявить трещины и скрытые дефекты в металле? ЮМП знает ответ
</p>";html;;"<p style=""text-align: justify;"">
	 Как быстро и эффективно выявить трещины и скрытые дефекты в металле? <a href=""products/1738-nabor-dlya-vyyavleniya-treshchin"" target=""_blank"">Набор для выявления трещин в металле неразрушающим методом от WEICON</a> – отличное решение для профилактики высоконагруженных элементов оборудования и техники. Он позволяет обнаружить все невидимые на глаз дефекты, которые могут иметь серьезные последствия. Набор позволяет быстро находить повреждения критически важных узлов, например, бензобака.
</p>
<p style=""text-align: justify;"">
	 Последовательным нанесением составов (видео-инструкция ниже) вы проявляете любые трещины и дефекты в металле – они окрашиваются в ярко-красный цвет. Набор подходит для металлов, многих пластмасс, керамических материалов, стекла и других материалов. Перед применением на пластике рекомендуется проверить компоненты на небольшом незаметном участке.
</p>
<p style=""text-align: center;"">
	 <iframe src=""https://www.youtube.com/embed/Z8Rl4XmhQuE"" frameborder=""0"" width=""960"" height=""540""></iframe>
</p>
<p style=""text-align: justify;"">
	 Все три состава соответствуют международным нормам качества составов для выявления скрытых дефектов, не вредят здоровью и испаряются без остатка. Закажите набор WEICON для выявления трещин по <a href=""products/1738-nabor-dlya-vyyavleniya-treshchin"" target=""_blank""><strong>ССЫЛКЕ</strong></a>
</p>";html;weicon-nabor-dlya-vyyavleniya-treshchin-inspektsiya-toplivnogo-baka;500;;;;;
237989;Как напечатать на этикетке, шириной превосходящей максимальный размер печати принтера в два раза?;237989;Y;;;;"<p>
	 Ширина самоламинирующегося маркера для принтера BMP21-Plus составляет 38 мм, а максимальная ширина печати: 19 мм. Как так?
</p>";html;;"<p style=""text-align: justify;"">
	Секрет прост: <strong>сложенная в два раза самоламинирующаяся этикетка</strong> Brady. Этикетка располагается на подложке в сложенном виде таким образом, что ламинирующая прозрачная часть этикетки загнута на другую сторону подложки. Изменив способ укладки расходного материала, компания Brady обеспечила возможность печати большого маркера на маленьком принтере, таком как <a href=""products/1539-brady-bmp21-plus"" target=""_blank"">портативный принтер BMP21-PLUS</a>. Размер этикетки позволяет напечатать маркировку для провода диаметром от 3 до 8,5 мм. Самоламинирующаяся этикетка на основе полиэстера для маркировки провода и кабеля состоит из двух зон: на белой части печатается надпись и при оборачивании вокруг провода прозрачный «хвост» ламинирует маркировку, защищая ее от снятия и внешних воздействий на долгие годы эксплуатации.
</p>
<p style=""text-align: justify;"">
	Этикетки прочно держатся на любой поверхности: гладкой, изогнутой, текстурированной и высокотекстурированной даже при экстремальных температурах. Высокое качество: 5 лет гарантии долговечной надежной работы этикеток в экстремальных условиях внешней среды. Подобного решения не существует у других производителей для портативных минипринтеров монтажника такого класса. Более того, ленточные принтеры других производителей предназначены для печати только на самоклеящихся полимерных материалах в ленте, а более функциональные принтеры стоят намного дороже, чем BMP21-PLUS.
</p>
<p>
	<strong>Как применять маркер:</strong>
</p>
<table style=""margin-left: auto; margin-right: auto;"" cellspacing=""10"" align=""center"">
<tbody>
<tr>
	<td>
		<a class=""imgbox"" href=""images/products/printers/bmp21-plus/samolam_001.jpg""><img width=""300"" src=""images/products/printers/bmp21-plus/samolam_001.jpg"" title=""УВЕЛИЧИТЬ""></a>
	</td>
	<td>
		<a class=""imgbox"" href=""images/products/printers/bmp21-plus/samolam_002.jpg""><img width=""300"" src=""images/products/printers/bmp21-plus/samolam_002.jpg"" title=""УВЕЛИЧИТЬ""></a>
	</td>
	<td>
		<a class=""imgbox"" href=""images/products/printers/bmp21-plus/samolam_003.jpg""><img width=""300"" src=""images/products/printers/bmp21-plus/samolam_003.jpg"" title=""УВЕЛИЧИТЬ""></a>
	</td>
</tr>
<tr align=""center"">
	<td width=""300"">
		1. Самоламинирующаяся этикетка на подложке, отпечатанная на принтере BMP21-Plus
	</td>
	<td width=""300"">
		2. Разворачиваем этикетку
	</td>
	<td width=""300"">
		3. Наложите этикетку на провод непрозрачным краем с напечатанным текстом
	</td>
</tr>
</tbody>
</table>
<table style=""margin-left: auto; margin-right: auto;"" cellspacing=""10"" align=""center"">
<tbody>
<tr>
	<td>
		<a class=""imgbox"" href=""images/products/printers/bmp21-plus/samolam_004.jpg""><img width=""300"" src=""images/products/printers/bmp21-plus/samolam_004.jpg"" title=""УВЕЛИЧИТЬ""></a>
	</td>
	<td>
		<a class=""imgbox"" href=""images/products/printers/bmp21-plus/samolam_005.jpg""><img width=""300"" src=""images/products/printers/bmp21-plus/samolam_005.jpg"" title=""УВЕЛИЧИТЬ""></a>
	</td>
	<td>
		<a class=""imgbox"" href=""images/products/printers/bmp21-plus/samolam_006.jpg""><img width=""300"" src=""images/products/printers/bmp21-plus/samolam_006.jpg"" title=""УВЕЛИЧИТЬ""></a>
	</td>
</tr>
<tr align=""center"">
	<td width=""300"">
		4. Оберните непрозрачную часть этикетки с легендой вокруг провода
	</td>
	<td width=""300"">
		5. Оборачивая провод этикеткой, снимите подложку с этикетки
	</td>
	<td width=""300"">
		6. Прозрачный край этикетки заламинирует надпись/маркировку и надежно защитит ее
	</td>
</tr>
</tbody>
</table>
<p>
	&nbsp;
</p>
<p style=""text-align: justify;"">
	Маркировка провода защищена от воздействия внешних условий, ей не страшно истирание и другие механические действия. Маркер с акриловым адгезивом адаптируется под поверхность кабеля, обеспечивая прочность маркировки и высокую контрастность печати. Устойчив к воздействию воды, масел и нефтепродуктов. Не поддерживает горение. Соответствует Директиве RoHS и стандарту UL.
</p>";html;kak-napechatat-na-etiketke-shirinoy-prevoskhodyashchey-maksimalnyy-razmer-pechati-printera-v-dva-raz;500;;;;;
237990;Увеличьте срок службы своего оборудования с помощью WEICON Anti-Seize;237990;Y;;;;<p>В настоящий век высоких технологий все еще не решены проблемы трения и износа деталей оборудования</p>;html;;"<p style=""text-align: justify;"">
	В настоящий век высоких технологий все еще не решены проблемы трения и износа деталей оборудования, используемого во многих промышленных сферах.&nbsp;При относительном движении (смещении) двух тел образуется процесс трения. Данный процесс неизбежно влечет за собой износ деталей оборудования: изменение размеров, формы, массы или состояния поверхности изделия, вследствие разрушения поверхностного слоя.
</p>
<p style=""text-align: justify;"">
	На степень естественного износа оборудования также влияют следующие внешние условия эксплуатации:
</p>
<ul style=""list-style-type: square;"">
	<li>высокие температуры эксплуатации</li>
	<li>высокие нагрузки давления</li>
	<li>погодные условия (при использовании оборудования вне помещения, например в С/Х)</li>
	<li>агрессивные химикаты</li>
</ul>
<p style=""text-align: justify;"">
	Износ оборудования и условия его эксплуатации влекут за собой дорогие ремонты, длительные простои, короткие интервалы профилактических осмотров и малый срок службы машин и устройств, что становится причиной огромных ежегодных расходов.&nbsp;Для продолжительной, рациональной и экономичной эксплуатации технических установок необходима защита деталей, подшипников, крутящихся элементов, резьбовых соединений (из стали и других металлов) промышленного оборудования.&nbsp;Специально для этой цели разработаны монтажные пасты&nbsp;<a href=""primenenie/polezno-znat/395-uvelichte-srok-sluzhby-svoego-oborudovaniya""><strong>WEICON Anti-Seize</strong></a>.
</p>";html;uvelichte-srok-sluzhby-svoego-oborudovaniya-s-pomoshchyu-weicon-anti-seize;500;;;;;
237991;Ударная маркировка деталей на производстве гражданской авиации;237991;Y;;;;"<p>
	 Победа маркиратора SIC Marking е1-p63с в честной конкурентной борьбе!
</p>";html;;"<p style=""text-align: justify;"">
	Мы часто утверждаем, что маркировка деталей требуется в любых отраслях промышленности и новый проект с внедрением оборудования SIC Marking это подтверждает. В этот раз <a href=""products/markirovka/udarno-tochechnaya-markirovka"" target=""_blank"">ударно-точечная маркировка</a> потребовалась в авиастроении, на предприятии <strong>«Уральский Завод Гражданской Авиации»</strong>. Большой запас трубных заготовок на складе страдал от пересортицы, которая возникала из-за ошибок при ручном клеймении.
</p>
<p style=""text-align: justify;"">
	Руководство пришло к выводу, что для идентификации заготовок требуется автоматизированная система, полностью исключающая человеческий фактор. Для выбора оптимального поставщика оборудования тестовые маркировки были произведены на разном оборудовании, в том числе с помощью <a href=""products/1601-e1-p63c"" target=""_blank"">ударно-точечного маркиратора е1-p63с</a>.
</p>
<table style=""margin-left: auto; margin-right: auto;"" cellspacing=""10"" align=""center"">
<tbody>
<tr>
	<td>
		<a class=""imgbox"" href=""images/products/sic2015/UZGA_01.jpg""><img width=""300"" src=""images/products/sic2015/UZGA_01.jpg"" title=""УВЕЛИЧИТЬ""></a>
	</td>
	<td>
		<a class=""imgbox"" href=""images/products/sic2015/UZGA_02.jpg""><img width=""300"" src=""images/products/sic2015/UZGA_02.jpg"" title=""УВЕЛИЧИТЬ""></a>
	</td>
</tr>
</tbody>
</table>
<p style=""text-align: justify;"">
	В ходе стандартных тестовых маркировок на оборудовании SIC Marking и конкурирующем, наносимые символы визуально не отличались по глубине и читаемости. При нанесении больших символов на торцы заготовки, маркиратор конкурента смог нанести символ лишь с качеством 9х13. У SIC Marking такого ограничения нет, поэтому была нанесена маркировка с расстоянием между точками 0.22 мм. Это обеспечило <strong>лучшую читаемость маркировки с удаленного расстояния</strong>.
</p>
<p style=""text-align: justify;"">
	Также испытания показали, что при оперативной смене задания, <strong>оператор е1-р63с тратит в разы меньше времени</strong>, чем на оборудовании конкурента. Учитывая функционал e1-p63c, наличие сервиса и технической поддержки, Уральским Заводом Гражданской Авиации выбран маркиратор SIC Marking, несмотря на более высокую стоимость. Качество и удобство работы с <a href=""products/markirovka/udarno-tochechnaya-markirovka"" target=""_blank"">оборудованием SIC Marking</a> было оценено по достоинству.
</p>
<table style=""margin-left: auto; margin-right: auto;"" cellspacing=""10"" align=""center"">
<tbody>
<tr>
	<td>
		<a class=""imgbox"" href=""images/products/sic2015/UZGA_03.jpg""><img width=""200"" src=""images/products/sic2015/UZGA_03.jpg"" title=""УВЕЛИЧИТЬ""></a>
	</td>
	<td>
		<a class=""imgbox"" href=""images/products/sic2015/UZGA_04.jpg""><img width=""200"" src=""images/products/sic2015/UZGA_04.jpg"" title=""УВЕЛИЧИТЬ""></a>
	</td>
	<td>
		<a class=""imgbox"" href=""images/products/sic2015/UZGA_05.jpg""><img width=""200"" src=""images/products/sic2015/UZGA_05.jpg"" title=""УВЕЛИЧИТЬ""></a>
	</td>
</tr>
</tbody>
</table>";html;udarnaya-markirovka-detaley-na-proizvodstve-grazhdanskoy-aviatsii;500;;;;;
237992;Поддоны для сбора проливов BRADY: как несколько поддонов соединить в один большой?;237992;Y;;;;"<p>
	 BRADY предлагает все необходимое для создания единой системы сбора проливов
</p>";html;;"<p style=""text-align: justify;"">
	ЮМП предлагает большое количество пластиковых поддонов для сбора проливов самых разных жидкостей, в том числе опасных. Согласитесь, гораздо удобнее, когда дырявая бочка вытекла в поддон, а не на пол. Вы часто спрашиваете, а можно ли <strong>собрать из нескольких одинаковых поддонов единую конструкцию</strong>? И если можно – то как?
</p>
<p style=""text-align: justify;"">
	Отвечаем – <strong>можно и нужно!</strong> BRADY предлагает все необходимое для создания единой системы сбора проливов из поддонов одной серии (например, <a href=""products/1702-nizkoprofilnyj-plastikovyj-poddon-workfloor"" target=""_blank"">Workfloor</a> или <a href=""products/1704-plastikovyj-poddon-euro-s-reshetkoj"" target=""_blank"">EURO</a>). Разумеется, вы можете стыковать поддоны на 2 и 4 бочки из одной серии. Зачем вам это надо? Посмотрите, как выглядят щели между стоящими рядом поддонами:
</p>
<table style=""margin-left: auto; margin-right: auto;"" cellspacing=""10"" align=""center"">
<tbody>
<tr>
	<td>
		<a class=""imgbox"" href=""images/products/sorbents/pallet%2001.jpeg""><img width=""300"" src=""images/products/sorbents/pallet%2001.jpeg"" title=""УВЕЛИЧИТЬ""></a>
	</td>
	<td>
		<a class=""imgbox"" href=""images/products/sorbents/pallet%2002.jpeg""><img width=""300"" src=""images/products/sorbents/pallet%2002.jpeg"" title=""УВЕЛИЧИТЬ""></a>
	</td>
	<td>
		<a class=""imgbox"" href=""images/products/sorbents/pallet%2003.jpeg""><img width=""300"" src=""images/products/sorbents/pallet%2003.jpeg"" title=""УВЕЛИЧИТЬ""></a>
	</td>
</tr>
</tbody>
</table>
<p style=""text-align: justify;"">
	По закону подлости очередная бочка протечет именно в эту щель, и опасная жидкость окажется на полу. Для соединения поддонов в группу следует использовать соединительные рейки двух типоразмеров и перекрестные разъемы. Для облегчения погрузки/разгрузки также рекомендуем использовать наклонный пандус.
</p>
<table class=""table table-bordered"" style=""margin-left: auto; margin-right: auto;"" align=""center"">
<thead>
<tr>
	<th>
		Фото
	</th>
	<th>
		Артикул
	</th>
	<th>
		Описание
	</th>
	<th>
		Габариты
	</th>
</tr>
</thead>
<tbody>
<tr>
	<td>
		<a class=""imgbox"" href=""images/products/sorbents/spc196263%20HSW-CS.jpg""><img width=""150"" src=""images/products/sorbents/spc196263%20HSW-CS.jpg""></a>
	</td>
	<td>
		spc196263
	</td>
	<td>
		HSW-CS Соединительная рейка для поддонов Workfloor
	</td>
	<td>
		700х40х40&nbsp;мм
	</td>
</tr>
<tr>
	<td>
		<a class=""imgbox"" href=""images/products/sorbents/spc196264%20HSW-CL.jpg""><img width=""150"" src=""images/products/sorbents/spc196264%20HSW-CL.jpg""></a>
	</td>
	<td>
		spc196264
	</td>
	<td>
		HSW-CL Соединительная рейка для поддонов Workfloor
	</td>
	<td>
		1500х40х40 мм
	</td>
</tr>
<tr>
	<td>
		<a class=""imgbox"" href=""images/products/sorbents/spc196265%20HSW-CC.jpg""><img width=""150"" src=""images/products/sorbents/spc196265%20HSW-CC.jpg""></a>
	</td>
	<td>
		spc196265
	</td>
	<td>
		HSW-CC Перекрестный разъем для соединения поддонов Workfloor
	</td>
	<td>
		150 мм
	</td>
</tr>
<tr>
	<td>
		<a class=""imgbox"" href=""images/products/sorbents/spc196266%20HSW-R.jpg""><img width=""150"" src=""images/products/sorbents/spc196266%20HSW-R.jpg""></a>
	</td>
	<td>
		spc196266
	</td>
	<td>
		HSW-R Платформа (пандус) для загрузки поддонов Workfloor
	</td>
	<td>
		1290х810х180&nbsp;мм
	</td>
</tr>
</tbody>
</table>
<p style=""text-align: justify;"">
	Используя рейки и перекрестные разъемы, вы <strong>легко соберете конструкцию требуемой вам формы и размера</strong> (слева-направо, сверху-вниз):
</p>
<table style=""margin-left: auto; margin-right: auto;"" cellspacing=""10"" align=""center"">
<tbody>
<tr>
	<td>
		<a class=""imgbox"" href=""images/products/sorbents/KIT101-ACT-1.jpg""><img width=""300"" src=""images/products/sorbents/KIT101-ACT-1.jpg"" title=""УВЕЛИЧИТЬ""></a>
	</td>
	<td>
		<a class=""imgbox"" href=""images/products/sorbents/KIT101-ACT-2.jpg""><img width=""300"" src=""images/products/sorbents/KIT101-ACT-2.jpg"" title=""УВЕЛИЧИТЬ""></a>
	</td>
	<td>
		<a class=""imgbox"" href=""images/products/sorbents/KIT101-ACT-3.jpg""><img width=""300"" src=""images/products/sorbents/KIT101-ACT-3.jpg"" title=""УВЕЛИЧИТЬ""></a>
	</td>
</tr>
<tr>
	<td>
		<a class=""imgbox"" href=""images/products/sorbents/KIT101-ACT-4.jpg""><img width=""300"" src=""images/products/sorbents/KIT101-ACT-4.jpg"" title=""УВЕЛИЧИТЬ""></a>
	</td>
	<td>
		<a class=""imgbox"" href=""images/products/sorbents/KIT101-ACT-5.jpg""><img width=""300"" src=""images/products/sorbents/KIT101-ACT-5.jpg"" title=""УВЕЛИЧИТЬ""></a>
	</td>
	<td>
		<a class=""imgbox"" href=""images/products/sorbents/KIT101-ACT-6.jpg""><img width=""300"" src=""images/products/sorbents/KIT101-ACT-6.jpg"" title=""УВЕЛИЧИТЬ""></a>
	</td>
</tr>
<tr>
	<td>
		<a class=""imgbox"" href=""images/products/sorbents/KIT101-ACT-7.jpg""><img width=""300"" src=""images/products/sorbents/KIT101-ACT-7.jpg"" title=""УВЕЛИЧИТЬ""></a>
	</td>
	<td>
		<a class=""imgbox"" href=""images/products/sorbents/KIT101-ACT-8.jpg""><img width=""300"" src=""images/products/sorbents/KIT101-ACT-8.jpg"" title=""УВЕЛИЧИТЬ""></a>
	</td>
	<td>
		<a class=""imgbox"" href=""images/products/sorbents/KIT101-ACT-9.jpg""><img width=""300"" src=""images/products/sorbents/KIT101-ACT-9.jpg"" title=""УВЕЛИЧИТЬ""></a>
	</td>
</tr>
</tbody>
</table>
<p style=""text-align: justify;"">
	Вы можете улучшить получившуюся рабочую поверхность с помощью <strong>соединителей</strong> и <strong>сливных кранов</strong>. Соединители позволяют жидкости переливаться из поддона в поддон, исключая переливы за счет емкости соседей. А сливной кран позволяет быстро и аккуратно слить накопившуюся в поддоне жижу.
</p>
<p style=""text-align: center;"">
	&nbsp;<img src=""images/products/sorbents/spcz03.PNG"" alt="""">
</p>
<p style=""text-align: center;"">
	Артикул: <strong>spcz03</strong> Соединительный набор из ПВХ для черных поддонов и рабочих полов
</p>
<p style=""text-align: center;"">
	&nbsp;<img src=""images/products/sorbents/spcz04.PNG"" alt="""">
</p>
<p style=""text-align: center;"">
	Артикул: <strong>spcz04</strong> ПВХ-комплект для слива для черных поддонов
</p>";html;poddony-dlya-sbora-prolivov-brady-kak-neskolko-poddonov-soedinit-v-odin-bolshoy;500;;;;;
237993;Как склеить резину с металлом? Контактный клей WEICON GMK 2510;237993;Y;;;;"<p>
	 Видео-инструкция по применению специального двухкомпонентного клея с высокой адгезией
</p>";html;;"<p style=""text-align: justify;"">
	WEICON GMK 2510 специальный двухкомпонентный клей для склеивания резины с металлом. <a href=""products/1954-kontaktnyj-klej-weicon-gmk-2510"" target=""_blank"">WEICON GMK 2510</a> обладает более высокой адгезией в сравнении с GMK 2410 и, соответственно, выдерживает более сильные нагрузки. Используется для упругого и крепкого склеивания больших поверхностей резины с резиной и резины с металлом.
</p>
<p style=""text-align: justify;"">
	Преимущество по сравнению с однокомпонентными контактными клеями в усиленной адгезии и повышенной температурной устойчивости. GMK 2510 склеивает резину, металл, текстиль, кожу, неопрен, ХСПЭ, изоляционные материалы, дерево и большинство пластмасс. После полимеризации клеевое соединение эластично и влагоустойчиво.
</p>
<p>
	<strong>Применение:</strong>
</p>
<ul>
	<li>склеивание резиновых матов с металлическими пластинами</li>
	<li>приклеивание резиновых профилей, дверных уплотнений в автомобилях и бытовой технике</li>
	<li>крепление изоляционных материалов или звукопоглощающей фольги/пластин к конструкционным элементам</li>
	<li>в качестве универсального экономичного контактного клея для промышленного применения</li>
</ul>
<p>
	<strong>!!ВНИМАНИЕ!!</strong><br>
	WEICON GMK 2510 не подходит для таких материалов, как пенополистирол, полиэтилен, полипропилен, пена ПВХ, искуственная кожа.
</p>
<p style=""text-align: center;"">
	Видео-инструкция по применению
</p>
<p style=""text-align: center;"">
	<iframe src=""https://www.youtube.com/embed/d76KjxV8PgI"" frameborder=""0"" width=""960"" height=""540""></iframe>
</p>
<p>
	Технические характеристики и артикулы для заказа <a href=""products/1954-kontaktnyj-klej-weicon-gmk-2510"" target=""_blank""><strong>ЗДЕСЬ</strong></a>
</p>";html;kak-skleit-rezinu-s-metallom-kontaktnyy-kley-weicon-gmk-2510;500;;;;;
237994;Технология бережливого производства для промышленных и обслуживающих предприятий;237994;Y;;;;"<p>
	 Представьте себе, что можно существенно сократить сроки обучения персонала, а также исключить эксплуатационные ошибки
</p>";html;;"<p style=""text-align: justify;"">
	 В современном мире существует тенденция искать высокотехнологичные решения для проблем, связанных с производительностью и надежностью оборудования. Часто вкладывают огромные деньги в разработку стратегий промышленной эффективности, которые работают на бумаге, но не на практике. Гораздо практичнее воспользоваться уже существующими на рынке средствами улучшения эффективности производства, например визуализация рабочего пространства.
</p>
<p style=""text-align: justify;"">
	 Представьте себе, что можно существенно сократить сроки обучения персонала сложному специфическому оборудованию, а также исключить ошибки, связанные с его обслуживанием и эксплуатацией. Представьте, что работа с этим оборудованием стала в разы проще и эффективнее. Звучит как несбыточная мечта? А это реальность. Технологии «упрощения» производственных процессов и взаимодействия с оборудованием реализуются за счет визуализации рабочего пространства и практикуются на множестве современных предприятий. Сами производители оборудования закладывают возможность использования данной технологии, когда проектируют или строят новое оборудование или технику.
</p>
<p style=""text-align: justify;"">
 <a href=""primenenie/polezno-znat/615-tekhnologiya-berezhlivogo-proizvodstva-dlya-promyshlennykh-i-obsluzhivayushchikh-predpriyatij""><strong>ЧИТАТЬ ДАЛЕЕ &gt;&gt;&gt;</strong></a>
</p>";html;tekhnologiya-berezhlivogo-proizvodstva-dlya-promyshlennykh-i-obsluzhivayushchikh-predpriyatiy;500;;;;;
237995;Приведение в порядок маркировки кабельной системы в офисе;237995;Y;;;;"<p>
	 Реализация проекта по маркировке кабельной системы&nbsp;с помощью принтера BMP21-PLUS в офисе среднего размера
</p>";html;;"<p style=""text-align: justify; padding-left: 30px;"">
 <em>В статье описывается реализация проекта по маркировке кабельной системы в офисе среднего размера. Офис существует и работает не один год, используются компьютерная сеть, учрежденческая АТС и точки доступа Wi-Fi. Маркировка портов изначально была выполнена не очень удачно, а после ряда расширений (офис прирастал помещениями на разных этажах) потребовалась переделка всей системы администрирования. Опыт, полученный при планировании и реализации проекта, будет полезен техническим специалистам, перед которыми стоят подобные задачи, позволит им грамотно спланировать работу и избежать распространенных ошибок в этой области.</em>
</p>
<p style=""text-align: justify;"">
	 Статья большая и обстоятельная, запасайтесь чаем! Готовы? <a href=""primenenie/polezno-znat/468-privedenie-v-poryadok-markirovki-kabelnoj-sistemy-v-ofise-s-pomoshchyu-termotransfernogo-portativnogo-printera-bmp21-plus""><strong>ЧИТАТЬ ДАЛЕЕ &gt;&gt;&gt;</strong></a>
</p>";html;privedenie-v-poryadok-markirovki-kabelnoy-sistemy-v-ofise;500;;;;;
237996;Новые промышленные решения для качественной установки крупногабаритного оборудования при постройке и ремонте судов;237996;Y;;;;"<p>
	 Большая аварийность, неправильная работа и малый срок эксплуатации судового оборудования часто вызваны ненадежной установкой
</p>";html;;"<p style=""text-align: justify;"">
	Большая аварийность, неправильная работа (чрезмерные колебания), а также малая долговечность эксплуатации судового оборудования и устройств таких как: главные дизель-генераторы, стояночные дизель-генераторы, гребные электродвигатели, редукторы и т.д – часто вызваны несоответствующей и очень ненадежной установкой их на фундаменте (бетонном или стальном).
</p>
<p style=""text-align: justify;"">
	<strong>Для установки машин, генерирующих большие динамические силы,</strong> на бетонном или стальном фундаменте в судостроении традиционно применяются металлические уравнительные подкладки из стали или чугуна, которые имеют ряд существенных недостатков.
</p>
<p style=""text-align: justify;"">
	Из-за большой жесткости металлических подкладок небольшие неточности при подгонке во время монтажа могут стать причиной появления неравномерного распределения нагрузки на фундаменты, крепящие болты и корпусы машин и устройств, что приводит к сильному износу деталей и аварийным ситуациям.
</p>
<p style=""text-align: justify;"">
	Хотите узнать, как решить эти проблемы? <a href=""primenenie/polezno-znat/427-novye-promyshlennye-resheniya-dlya-kachestvennoj-ustanovki-krupnogabaritnogo-oborudovaniya-pri-postrojke-i-remonte-sudov""><strong>ЧИТАТЬ ДАЛЕЕ &gt;&gt;&gt;</strong></a>
</p>";html;novye-promyshlennye-resheniya-dlya-kachestvennoy-ustanovki-krupnogabaritnogo-oborudovaniya-pri-postr;500;;;;;
237997;Механическая маркировка SIC Marking: восстановление VIN номера;237997;Y;;;;"<p>
	Выполняйте маркировку VIN-номера оборудованием SIC Marking и получайте гарантировано качественный результат!
</p>";html;;"<p style=""text-align: justify;"">
	Механическая маркировка является одним из самых динамично развивающихся методов идентификации оборудования и деталей в российской промышленности. За последние три года рынок потребления механической маркировки вырос в несколько раз и этому есть логичное объяснение. Маркировка, нанесенная непосредственно в тело детали, механическим путем, не стирается и не отклеивается, она «<strong>вечная</strong>» (спилить «болгаркой», разумеется, можно). ЮМП обеспечивает потребность своих клиентов в механической маркировке <a href=""products/markirovka/udarno-tochechnaya-markirovka"" target=""_blank"">оборудованием SIC Marking</a>.
</p>
<p style=""text-align: justify;"">
	Активными потребителями механической маркировки SIC Marking являются вагоностроение, автопром и нефте-газодобыча. Маркировка различных пломб, рамных конструкций, прицепов, сельскохозяйственного оборудования, бурильных труб. Самые интересные проекты по внедрению механической маркировки мы публикуем на нашем сайте в разделе Новости.
</p>
<p style=""text-align: justify;"">
	Новые возможности использования ударно-точечного оборудования SIC Marking открывает постановление о возможности восстановления VIN-номеров на угнанных или поврежденных машинах с последующим нанесением сертифицированными компаниями. Предлагаем вашему вниманию отрывок новостной программы с сюжетом о восстановлении VIN-номера с помощью <a href=""products/1167-e10-p123"" target=""_blank"">маркиратора SIC e10-p123</a>.
</p>
<p style=""text-align: center;"">
	<a href=""https://youtu.be/Es6mdKxETBA?t=184"" target=""_blank""><img src=""images/youtube_btn.png"" alt=""""></a>
</p>
<p style=""text-align: justify;"">
	Специалисты ЮМП готовы помочь вам с внедрением оборудования SIC Marking на вашем предприятии. Маркираторы SIC Marking не требуют специальных навыков для работы и предельно простые в обслуживании. А если вы находитесь не слишком далеко от нашего представительства – менеджер сможет приехать и продемонстрировать маркиратор в работе. Выполняйте маркировку VIN-номера оборудованием SIC Marking и получайте гарантировано качественный результат!
</p>";html;mekhanicheskaya-markirovka-sic-marking-vosstanovlenie-vin-nomera;500;;;;;
237998;Подобрать клей к пластмассе – задача не из легких! Если нет WEICON;237998;Y;;;;"<p>
	 Не секрет, что сломать деталь из пластмассы просто, материал хрупкий и колется легко, а вот отремонтировать ее – целая проблема
</p>";html;;"<p style=""text-align: justify;"">
	Не секрет, что сломать деталь из пластмассы просто, материал хрупкий и колется легко, а вот отремонтировать ее – целая проблема. Сразу отметаем вариант&nbsp;<span style=""font-size: 12.16px;"">раскалить проволоку и вплавить ее в пластик – потому что серьезно ухудшается внешний вид отремонтированной детали и такое соединение при небольших нагрузках ломается. Остановимся на склейке и выборе клея.</span>
</p>
<p style=""text-align: justify;"">
	Рассмотрим ремонт пластиковой накладки. Площадь клеевого соединения очень мала: всего 30 кв.мм, а нагрузка достаточно сильная. Безуспешно применив два популярных универсальных клея, что были в наличии, и не получив желаемого результата, было принято решение применить <strong>клей WEICON Contact VA 8312</strong> вместе с активатором Contact Filler.
</p>
<p style=""text-align: justify;"">
	Маркировка на пластиковой детали «ABS» означает: акрилонитриловый бутадиен стирол – хрупкий материал, при сгибании белеет. Клеевые композиции WEICON для ремонта пластмассовых деталей представляют собой высокомолекулярные соединения, которые после затвердевания превращаются в полимерный материал. Правильный выбор клея необходим для надежного ремонта, который обеспечит одинаковые физические свойства детали и шва после его отверждения и выглядеть будет прилично.
</p>
<p style=""text-align: justify;"">
	Состав ремонтного набора WEICON:
</p>
<ul>
	<li>Клей WEICON Contact VA 8312;</li>
	<li>Активатор Contact Filler;</li>
	<li>Нож для открытия тубы с клеем.</li>
</ul>
<table style=""margin-left: auto; margin-right: auto;"" cellspacing=""10"" align=""center"">
<tbody>
<tr>
	<td>
		<a class=""imgbox"" href=""images/products/weicon/Klei_1.JPG""><img width=""300"" src=""images/products/weicon/Klei_1.JPG"" title=""УВЕЛИЧИТЬ""></a>
	</td>
	<td>
		<a class=""imgbox"" href=""images/products/weicon/Klei_2.JPG""><img width=""300"" src=""images/products/weicon/Klei_2.JPG"" title=""УВЕЛИЧИТЬ""></a>
	</td>
	<td>
		<a class=""imgbox"" href=""images/products/weicon/Klei_3.JPG""><img width=""300"" src=""images/products/weicon/Klei_3.JPG"" title=""УВЕЛИЧИТЬ""></a>
	</td>
</tr>
<tr>
	<td width=""300"">
		Перед началом ремонта очищаем и зашкуриваем склеиваемые поверхности
	</td>
	<td width=""300"">
		Далее наносим тонкий слой клея на каждую из поверхностей
	</td>
	<td width=""300"">
		Прижимаем детали друг к другу в течении нескольких секунд
	</td>
</tr>
</tbody>
</table>
<table style=""margin-left: auto; margin-right: auto;"" cellspacing=""10"" align=""center"">
<tbody>
<tr>
	<td>
		<a class=""imgbox"" href=""images/products/weicon/Klei_4.JPG""><img width=""300"" src=""images/products/weicon/Klei_4.JPG"" title=""УВЕЛИЧИТЬ""></a>
	</td>
	<td>
		<a class=""imgbox"" href=""images/products/weicon/Klei_5.JPG""><img width=""300"" src=""images/products/weicon/Klei_5.JPG"" title=""УВЕЛИЧИТЬ""></a>
	</td>
	<td>
		<a class=""imgbox"" href=""images/products/weicon/Klei_6.JPG""><img width=""300"" src=""images/products/weicon/Klei_6.JPG"" title=""УВЕЛИЧИТЬ""></a>
	</td>
</tr>
<tr>
	<td width=""300"">
		Укрепляем место шва Contact Filler - наполнителем в виде мелкого белого песка, который применяется в комбинации с клеем Contact VA 8312 для заполнения трещин
	</td>
	<td width=""300"">
		Насыпаем Contact Filler на внутреннюю поверхность детали ближе ко шву
	</td>
	<td width=""300"">
		Наносим немного клея в порошок и проволокой формируем бортик у внутренней стенки шва из густой пластичной смеси филлера и клея
	</td>
</tr>
</tbody>
</table>
<table style=""margin-left: auto; margin-right: auto;"" cellspacing=""10"" align=""center"">
<tbody>
<tr>
	<td>
		<a class=""imgbox"" href=""images/products/weicon/Klei_8.JPG""><img width=""300"" src=""images/products/weicon/Klei_8.JPG"" title=""УВЕЛИЧИТЬ""></a>
	</td>
	<td>
		<a class=""imgbox"" href=""images/products/weicon/Klei_7.JPG""><img width=""300"" src=""images/products/weicon/Klei_7.JPG"" title=""УВЕЛИЧИТЬ""></a>
	</td>
	<td>
		<a class=""imgbox"" href=""images/products/weicon/Klei_9.JPG""><img width=""300"" src=""images/products/weicon/Klei_9.JPG"" title=""УВЕЛИЧИТЬ""></a>
	</td>
</tr>
<tr>
	<td width=""300"">
		Внутренняя часть склейки выглядит немного неаккуратно, но зато точто надежно
	</td>
	<td width=""300"">
		Некоторое время материалы должны подсохнуть и «схватиться»
	</td>
	<td width=""300"">
		Минут через 30 пробуем рукой на излом. Сначала аккуратно, потом смелее – держит отлично
	</td>
</tr>
</tbody>
</table>
<p style=""text-align: justify;"">
	Ремонт удался. Подобрать клей к пластику оказалось не простой задачей. WEICON оправдал все ожидания, полученное соединение повторяет все свойства пластика, что особенно важно при склеивании таких рабочих деталей.
</p>";html;podobrat-kley-k-plastmasse-zadacha-ne-iz-legkikh-esli-net-weicon;500;;;;;
237999;Собственная мастерская для создания маркировки общего и промышленного назначения;237999;Y;;;;"<p>
	 Компания BRADY уже много лет занимается производством маркировочного оборудования и расходных материалов
</p>";html;;"<p style=""text-align: justify;"">
	На сегодняшний день различные виды маркировки продукции применяются практически во всех производственных отраслях. Корпусы, механизмы, детали, узлы и комплектующие части маркируются в соответствие с требованиями и стандартами нормативных документов и инструкций. Нередко производство этикеток для маркировки превращается в трудоемкий, растянутый во времени, процесс, с привлечением сторонних подрядчиков и решением ряда проблем. Компания BRADY уже много лет занимается производством маркировочного оборудования и расходных материалов и поставляет на российский рынок комплексные решения для создания профессиональной качественной маркировки. Опытом применения продукции BRADY поделилось предприятие по производству низковольтного оборудования <strong>ЗАО «Инмашком»</strong>.
</p>
<p style=""text-align: justify;"">
	<a href=""primenenie/polezno-znat/442-sobstvennaya-masterskaya-dlya-sozdaniya-markirovki-obshchego-i-promyshlennogo-naznacheniya""><strong>ЧИТАТЬ ДАЛЕЕ &gt;&gt;&gt;</strong></a>
</p>";html;sobstvennaya-masterskaya-dlya-sozdaniya-markirovki-obshchego-i-promyshlennogo-naznacheniya;500;;;;;
238000;Салфетки BRADY SPC для обслуживания, ремонта и сбора проливов: новый размер;238000;Y;;;;<p>С 1 марта 2020 года BRADY SPC меняет размер производимых салфеток с 41 х 51 на 40 х 50 см</p>;html;;"<p style=""text-align: justify;"">
	Производитель BRADY SPC предлагает <a href=""products/safety/sorbents"" target=""_blank"">широкий ассортимент сорбентов и других решений для сбора и локализации проливов</a>. Одним из самых ходовых продуктов в России стали впитывающие салфетки. ЮМП предлагает салфетки для самых разных нужд: <a href=""products/safety/sorbents/oil/napkins"" target=""_blank"">для сбора масел и нефтепродуктов</a>, <a href=""products/471-napkins"" target=""_blank"">химикатов</a>, <a href=""products/safety/sorbents/service/napkins"" target=""_blank"">общего назначения</a> и прочее. Неизменным для всего ассортимента салфеток был только их размер: 41 х 51 см. Почему был?
</p>
<p style=""text-align: justify;"">
	<strong>С 1 марта 2020 года</strong> BRADY SPC меняет размер производимых салфеток с 41 х 51 на <strong>40 х 50</strong> см, при этом артикулы и стоимость салфеток остаются без изменений. Изменения сделаны в рамках стандартизации продукции в связи с правилами Евросоюза: теперь салфетки из дюймовых (16 х 20 дюймов) стали метрическими (40 х 50 см).
</p>
<p style=""text-align: justify;"">
	Данное изменение не касается салфеток, изготавливаемых на заказ. Салфетки в новом размере начнут производиться с 1 марта 2020 года, физически в продажу они поступят после обнуления складских запасов салфеток в старом, дюймовом исполнении (ориентировочно в конце апреля).
</p>";html;salfetki-brady-spc-dlya-obsluzhivaniya-remonta-i-sbora-prolivov-novyy-razmer;500;;;;;
238007;1 Решение BRADY для авиапромышленности: маркировка для Airbus Helicopters;238007;Y;;;;<p>Инженеры европейского отделения BRADY подготовили уникальную прошивку для принтера i7100</p>;html;;"<p style=""text-align: justify;"">
	 Производитель воздушного транспорта Airbus Helicopters всерьез озабочен вопросами безопасности производимой техники. Жизнь и здоровье каждого клиента компании напрямую зависит от качества производственных процессов на всех этапах сборки вертолетов. В частности, <strong>Airbus Helicopters</strong> прямо в сборочном цехе производит некоторые двухкомпонентные составы на основе эпоксидных смол с ограниченным сроком жизнеспособности. И уследить за данным сроком было проблематично.
</p>
<p style=""text-align: justify;"">
	 Применяемая полуавтоматическая маркировка (занесение вручную данных для печати этикетки со сроком жизнеспособности состава) страдала от неточностей, вызванной человеческим фактором. В результате работник мог использовать частично полимеризованный состав, что приводило к некачественному склеиванию или герметизации, а значит отбраковке целого узла.
</p>
<p style=""text-align: justify;"">
	 Airbus Helicopters обратились к специалистам BRADY для разработки индивидуального решения для их конкретной задачи. От принтера требовалась печать этикетки, на которой будет указано наименование состава, время его приготовления (оно же время печати этикетки) и время окончания срока жизнеспособности двухкомпонентного состава. Для каждого состава своя этикетка.
</p>
<table style=""margin-left: auto; margin-right: auto;"" cellspacing=""10"" align=""center"">
<tbody>
<tr>
	<td>
 <a class=""imgbox"" href=""images/products/printers/i7100/brd_airbus_01.png""><img width=""300"" src=""images/products/printers/i7100/brd_airbus_01.png"" title=""УВЕЛИЧИТЬ""></a>
	</td>
	<td>
 <a class=""imgbox"" href=""images/products/printers/i7100/brd_airbus_03.png""><img width=""300"" src=""images/products/printers/i7100/brd_airbus_03.png"" title=""УВЕЛИЧИТЬ""></a>
	</td>
</tr>
</tbody>
</table>
<p style=""text-align: justify;"">
	 Задача была решена на основе <a href=""products/1832-printer-etiketok-brady-i7100"" target=""_blank"">принтера этикеток BRADY i7100</a>, для которого инженеры европейского отделения BRADY подготовили уникальную прошивку: в меню принтера остались только необходимые сотрудникам этикетки, данные в которых заносятся автоматически – достаточно нажать на наименование состава. Защищенный сенсорный экран принтера i7100 позволяет не снимать рабочие перчатки для запуска печати, материал был выбран BRADY B-424 – бумага, дешево и эффективно.
</p>
<p style=""text-align: justify;"">
	 «<em>Заказ включал 15 принтеров BRADY i7100 с технической поддержкой для каждого принтера в течение трех лет, материал THT-17-424 и риббоны R-4302. В этом году еще 10 принтеров будут заказаны для другого подразделения Airbus Helicopters</em>», – поделился подробностями проекта <strong>Томас Вильгельм</strong>, менеджер по работе с ключевыми клиентами в Германии.
</p>
<p style=""text-align: justify;"">
	 Если и вам требуется уникальное маркировочное решение – ЮМП в тесном сотрудничестве с BRADY Европа готовы принять в разработку ваш запрос. Присылайте нам ТЗ на почту <a href=""mailto:order@umpgroup.ru"">order@umpgroup.ru</a> и мы обязательно придумаем, как решить вашу задачу.
</p>";html;1-reshenie-brady-dlya-aviapromyshlennosti-markirovka-dlya-airbus-helicopters;500;;;;;
238008;Блокираторы как средство обеспечения промышленной безопасности;238008;Y;;;;<p>Каждый год десятки рабочих погибают или получают серьезные травмы во время выполнения ремонтных работ и технического обслуживания</p>;html;;"<p style=""text-align: justify;"">
	 Идеология <a href=""loto"">производственной безопасности</a> должна закладываться на этапе планирования и обеспечиваться на протяжении всех этапов производственного процесса. В данном обзоре рассматривается современный подход к проблемам обеспечения безопасности не только производственных процессов, но и в первую очередь защите <a href=""products/safety/"">производственного персонала</a>.
</p>
<p style=""text-align: justify;"">
	 Мониторинг техногенных катастроф и аварий на производстве вынуждает пересматривать отношение к устаревшим нормативам и инструкциям не отражающих реалий сегодняшнего дня. В этом контексте особое внимание отводится обеспечению безопасности персонала, что обусловлено фактами статистики. Каждый год десятки рабочих погибают или получают серьезные травмы во время выполнения ремонтных работ и технического обслуживания. Большая часть подобных происшествий вызвана нарушениями техники безопасности и несоблюдением инструкций. В результате на предприятиях растет травматизм, предприятие несет убытки по компенсационным выплатам, теряет деловую репутацию из-за срыва контрактных обязательств. Типология данных нарушений стандартна, вот один из примеров наглядно демонстрирующий к чему приводит пренебрежение правилами безопасности.
</p>
<p style=""text-align: justify;"">
 <a href=""primenenie/polezno-znat/446-blokiratory-kak-sredstvo-obespecheniya-promyshlennoj-bezopasnosti""><strong>ЧИТАТЬ ДАЛЕЕ</strong></a>
</p>";html;blokiratory-kak-sredstvo-obespecheniya-promyshlennoy-bezopasnosti;500;;;;;
238009;SIC Marking e10-i124s отличное решение для маркировки VIN;238009;Y;;;;"<p>
	Является стандартом нанесения VIN для групп Renault-Nissan и PSA (Citroën, Peugeot, Mitsubishi и др.)
</p>";html;;"<p style=""text-align: justify;"">
	 Встречайте новинку 2020 года от SIC Marking! Маркиратор e10-i124s разработан для интеграции в автоматизированные линии и рекомендуется для нанесения чёткой маркировки, требующей последующего оптического считывания. Маркировочное окно 120х60 мм i124s позволяет разместить больше информации на маркируемой детали или увеличить размер символов для лучшей читаемости маркировки по сравнению с предшественником e10-i113s.
</p>
<p style=""text-align: justify;"">
	 Защита механических узлов и электронных компонентов позволяет интегрировать i124s на самые сложные производственные участки и обеспечивает высокую надежность работы оборудования. Является стандартом нанесения VIN для групп Renault-Nissan и PSA (Citroën, Peugeot, Mitsubishi и др.)
</p>
<p>
 <strong>Зарекомендовавшая себя технология</strong>
</p>
<ul>
	<li>более 1000 маркираторов трудятся на заводах VW, Audi, Nissan, Renault, Geely и других</li>
</ul>
<p>
 <strong>Глубокая маркировка</strong>
</p>
<ul>
	<li>до 0,3 мм для нанесения VIN номера</li>
</ul>
<p>
 <strong>Точное позиционирование</strong>
</p>
<ul>
	<li>первый на рынке маркиратор с вертикальными сенсорами иглы и ударного модуля для точного позиционирования, за счет чего исключены царапины при переходе между символами</li>
</ul>
<p>
 <strong>Контроллер е10</strong>
</p>
<ul>
	<li>полная поддержка всех современных протоколов передачи данных (Profibus, Profinet, Ethernet IP)</li>
</ul>
<p>
 <strong>Интеграция</strong>
</p>
<ul>
	<li>легко встраивается в роботизированную линию производства</li>
</ul>
<p>
 <strong>Удаленный доступ</strong>
</p>
<ul>
	<li>полноценное управление и обновление</li>
</ul>
<p>
 <strong>Индустрия 4.0</strong>
</p>
<ul>
	<li>соответствие современным стандартам автоматизации</li>
</ul>
<p>
 <strong>Низкая стоимость владения</strong>
</p>
<ul>
	<li>расходные материалы: игла и пружина</li>
</ul>
<p>
 <a href=""products/1955-e10-i124s"" target=""_blank"">Заказывайте ЗДЕСЬ</a>
</p>";html;sic-marking-e10-i124s-otlichnoe-reshenie-dlya-markirovki-vin;500;;;;;
238010;Новые цены на продукцию ЮМП;238010;Y;;;;<p>Уведомляем Вас о том, что с 19.03.2020 вводится в действие новый прайс-лист Акционерного общества «ЮНИТ МАРК ПРО»</p>;html;;"<p>
	 Вниманию клиентов ЮМП<br>
	 Уведомляем Вас о том, что с 19.03.2020 вводится в действие новый прайс-лист Акционерного общества «ЮНИТ МАРК ПРО».<br>
	 Коррекция цен в прайс-листе ЮМП связана с изменением экономической ситуации и существенным ростом курса валюты евро. В обновлённых прайс-листах ЮМП цены в рублях увеличены примерно на 13,75%. Действующая система скидок остаётся без изменений.<br>
	 Мы отслеживаем текущую ситуацию на рынке валют и при уменьшении или увеличении их курсов готовы произвести соответствующую коррекцию наших отпускных цен, о чём мы будем сообщать в новостных рассылках и в разделе новостей на официальном сайте компании.
</p>
<p>
</p>
<p>
	 Перейти в раздел <a href=""categories"">ПРОДУКЦИЯ</a>
</p>";html;novye-tseny-na-produktsiyu-yump;500;;;;;
238011;Новинка! Изолированные втулочные наконечники НШВИ GLW в ассортименте ЮМП;238011;Y;;;;"<p>
	- Сделано в Германии<br>
	- Конкурентные цены<br>
	- Соблюдены стандарты России и DIN 44228 ч. 4
</p>";html;;"<p>
	 Кабельные наконечники, предлагаемые клиентам ЮМП, пополнились новым ассортиментом – <a href=""products/kabelnye-nakonechniki-i-instrumenty/kabelnye-nakonechniki-i-soediniteli/izolirovannye-vtulochnye-nakonechniki/izolirovannye-vtulochnye-nakonechniki-nshvi-glw-razmery-po-stand-din-46228-ch-4-tri-tsvetovykh-linejki"" target=""_blank"">наконечниками компании GLW</a>, которая известна на рынке как крупнейший производитель втулочных наконечников и входит в ТОП-поставщиков в России.
</p>
<p>
	 Почему мы выбрали в качестве поставщика именно этого производителя?<br>
	 Во-первых, это чистая Германия с вытекающими от сюда качеством, стабильностью и немецкой педантичностью к поставкам.<br>
	 Во-вторых, это очень привлекательные цены, особенно сейчас, когда внутренний рынок уже хочет высокое и стабильное качество, но при этом не готов переплачивать за бренд, логистику и прочие накрутки в цене на импортные кабельные наконечники.
</p>
<p>
	 Мы понимаем на сколько релевантной должна быть цена в текущих экономических условиях и предлагаем ее вам с новой продукцией – втулочными наконечниками GLW, одинарными и двойными – пока возим эти. Одинарные уже есть на склад в Москве в наиболее востребованных клиентами типоразмерах. <br>
	 Еще раз о преимуществах втулочных наконечников GLW:<br>
	 - Сделано в Германии<br>
	 - Конкурентные цены<br>
	 - Соблюдены стандарты России и DIN 44228 ч. 4 <br>
	 - Большой диапазон размеров сечений – одинарные от 0,14 до 150 мм2, двойные – от 2х0,5 до 2х16 мм2 плюс стабильно точно повторяемые форма и геометрические размеры<br>
	 - В наличии
</p>
<p>
	 Пополнение ассортимента ЮМП новыми наконечниками GLW стало следующим шагом навстречу клиентам, потребителям электротехнической продукции. Предыдущий мы сделали чуть раньше, когда предложили покупателям трубчатые медные наконечники <strong><a href=""products/1959-trubchatye-mednye-luzhenye-nakonechniki-tml-yump-pod-opressovku"">ТМЛ-ЮМП</a></strong> по ГОСТ 7386-8 из электротехнической меди, как в наконечниках из Германии.
</p>
<p>
 <a href=""products/kabelnye-nakonechniki-i-instrumenty/kabelnye-nakonechniki-i-soediniteli/izolirovannye-vtulochnye-nakonechniki/izolirovannye-vtulochnye-nakonechniki-nshvi-glw-razmery-po-stand-din-46228-ch-4-tri-tsvetovykh-linejki""> </a>
</p>
<p>
</p>";html;novinka-izolirovannye-vtulochnye-nakonechniki-nshvi-glw-v-assortimente-yump;500;;;;;
238012;Каталог Сигнальная разметка BRADY 2020-2021;238012;Y;;;;<p>Корпорация BRADY развивается и продолжает радовать потребителей новинками в сегменте Промышленная безопасность.</p>;html;;"<p>
	 Корпорация BRADY развивается и продолжает радовать потребителей новинками в сегменте Промышленная безопасность. Вслед за BRADY ЮМП обновила каталог Сигнальная разметка, объединив в нем самые актуальные для российского рынка решения по зонированию рабочего пространства:
</p>
<p>
	 • Ленты для напольной разметки в зонах в различной интенсивностью движения;<br>
	 • Ленты с эффектом антискольжения;<br>
	 • Краска EasyLine для напольной маркировки;<br>
	 • Аппликаторы для нанесения разметки; <br>
	 • Комплекты лент для создания маркировки с помощью принтеров BRADY;<br>
	 • Ограничительные столбики и ленты;<br>
	 • Фотолюминесцентная разметка
</p>
<p>
	 Каталог доступен для скачивания в разделе <a href=""products/safety/"">Промышленная безопасность</a><br>
	 Для получения информации на ваш электронный адрес необходимо заполнить небольшую форму.<br>
	 Предоставить дополнительную информацию по продукции, собранной в каталоге, вам помогут специалисты в представительствах <a href=""contacts/?contact_type=%d0%9f%d1%80%d0%b5%d0%b4%d1%81%d1%82%d0%b0%d0%b2%d0%b8%d1%82%d0%b5%d0%bb%d1%8c%d1%81%d1%82%d0%b2%d0%be&contact_city="">ЮМП</a>
</p>";html;katalog-signalnaya-razmetka-brady-2020-2021;500;;;;;
238013;Новые цианоакрилатные клеи от WEICON;238013;Y;;;;<p>Обновление в серии WEICON Contact: высокотемпературный VA 180 HT и влагостойкий VA 200 HR</p>;html;;"<p>
	В начале 2020 года немецкие специалисты компании WEICON презентовали новые продукты в московском офисе ЮМП. Начнем знакомство с новинками с модифицированных клеев серии Contact VA.<br>
	<br>
	<strong>WEICON Contact VA 180 HT</strong> – прозрачный цианоакрилатный клей, устойчивый к высоким температурам до + 180°C, быстро отверждается, обладает средней вязкостью и слабым запахом.<br>
	<br>
	<strong>Применение:</strong><br>
	• при производстве ламп и светильников;<br>
	• при производстве кухонных и электрических приборов<br>
	<br>
	Низковязкий цианоакрилатный клей <strong>WEICON Contact VA 200 HR</strong> обладает высокой устойчивостью к старению и сохраняет стабильные характеристики при длительном воздействии влаги и тепла.<br>
	<br>
	<strong>Применение:</strong><br>
	• проведение работ по прокладке труб и кабельных линий;<br>
	• изготовление кухонных и электрических приборов;<br>
	• в вентиляции и кондиционировании;<br>
	• монтаж в помещениях с высокой влажностью;<br>
	• сборка бытовой техники<br>
	<br>
	Характеристики новых клеев WEICON доступны в разделе <a href=""products/1626-va-seriya"">VA-серия</a>
</p>";html;novye-tsianoakrilatnye-klei-ot-weicon;500;;;;;
238014;Как работаете в апреле?;238014;Y;;;;"<p>
	ЮНИТ МАРК ПРО работает в апреле в обычном режиме, менеджеры трудятся удаленно и доступны по почте и телефонам.<br>
	Консультанты на сайте работают с 9 до 18, в нерабочее время вы можете оставить Заявку на сайте и вам обязательно ответят.<br>
	Электронная система размещения заказов (ЭСРЗ) для Дилеров и Партнеров работает круглосуточно.
</p>";html;;"<p>
	ЮНИТ МАРК ПРО работает в апреле в обычном режиме, менеджеры трудятся удаленно и доступны по почте и телефонам.<br>
	Консультанты на сайте работают с 9 до 18, в нерабочее время вы можете оставить Заявку на сайте и вам обязательно ответят.<br>
	Электронная система размещения заказов (ЭСРЗ) для Дилеров и Партнеров работает круглосуточно.
</p>
<p>
	В соответствии с пунктом 3 Распоряжения Правительства Российской Федерации № 762-р от 27 марта 2020 г. АО «ЮМП» является организацией (поставщиком), обеспечивающей поставку материалов необходимых для производства товаров первой необходимости медицинскими организациями, организациями непрерывного цикла, организациями обеспечивающими население продуктами питания.
</p>
<p>
	АО «ЮМП» продолжает работу в штатном режиме с учетом изменения действующего законодательства и всеми рекомендациями властей по соблюдению мер предосторожности в ситуации с распространением коронавируса в России. Весь персонал переведен на дистанционный режим работы, работа складов осуществляется согласно действующим регламентам. Поставки от всех производителей выполняются в полном объеме и в том же режиме, что и до 30 марта 2020 г.
</p>
<p>
	Поставки АО «ЮМП» обеспечивают нормальное функционирование организациям непрерывного цикла, обеспечивающим население продуктами питания и товарами первой необходимости, организациям оборонного комплекса, энергетическим, транспортным компаниям и компаниям, обеспечивающим связь, производителям медикаментов и медицинских лабораторий. Остановка нашей деятельности и соответственно прекращение поставок негативно скажется на нормальной работе перечисленных организаций и жизнеобеспечения общества в целом.
</p>
<p>
	Мы следим за ситуацией в нашей стране и будем оперативно сообщать об изменениях, касающихся нашей деятельности.
</p>
<p>
</p>";html;kak-rabotaete-v-aprele;500;;;;;
238015;Ленты для напольной разметки - цены пополам!;238015;Y;;;;"<p>
	 Мы сохранили специальные цены на сигнальные ленты BRADY из винила:<br>
	 при заказе от 25 рулонов лент одного наименования (артикула), цена ниже стандартного предложения на 50%<br>
	 КОД АКЦИИ <strong>gws2020-8</strong>
</p>";html;;"<p>
	В условиях повышенного спроса на напольные ленты для маркировки торговых и производственных помещений <br>
	мы сохранили специальные цены на сигнальные ленты BRADY из винила: КОД АКЦИИ <strong>gws2020-8</strong>
</p>
<p>
	<strong>При заказе от 25 рулонов лент одного наименования (артикула), цена ниже стандартного предложения на 50%.</strong>
</p>
<p>
	Обратитесь к вашему менеджеру или отправьте ваш заказ по электронному адресу: <a href=""mailto:order@umpgroup.ru"">order@umpgroup.ru</a>
</p>
<p>
	В Акции участвуют только напольные ленты изготовленные из винила <a href=""products/535-napolnay-lenta-726"" target=""blank"">В-726</a> и <a href=""products/612-napolnaya-lenta-vinil-v-950"" target=""blank"">В-950</a>, указанные в таблице:
</p>
<table class=""table table-bordered"" style=""text-align: left;"">
<thead>
<tr>
	<th>
		Ширина ленты
	</th>
	<th>
		Артикул/Описание
	</th>
	<th colspan=""3"">
		Цвет ленты
	</th>
</tr>
</thead>
<tbody>
<tr>
	<td colspan=""6"">
		Экономичный винил для внутренних работ B-726. Диапазон температур от -18°С до +80°С. Длина 33м.
	</td>
</tr>
<tr>
	<td rowspan=""8"">
		<strong>50 мм</strong>
	</td>
	<td>
		gws58200, Лента напольная, желтая
	</td>
	<td colspan=""3"" style=""background-color: yellow;"">
	</td>
</tr>
<tr>
	<td>
		gws58201, Лента напольная, красная
	</td>
	<td colspan=""3"" style=""background-color: red;"">
	</td>
</tr>
<tr>
	<td>
		gws58202, Лента напольная, зеленая
	</td>
	<td colspan=""3"" style=""background-color: green;"">
	</td>
</tr>
<tr>
	<td>
		gws58203, Лента напольная, белая
	</td>
	<td colspan=""3"" style=""background-color: white;"">
	</td>
</tr>
<tr>
	<td>
		gws58220, Лента напольная, синяя
	</td>
	<td colspan=""3"" style=""background-color: blue;"">
	</td>
</tr>
<tr>
	<td>
		gws58222, Лента напольная, черная
	</td>
	<td colspan=""3"" style=""background-color: black;"">
	</td>
</tr>
<tr>
	<td>
		gws255296, Лента напольная, красно-белая
	</td>
	<td style=""background-color: red;"">
	</td>
	<td style=""background-color: white;"">
	</td>
	<td style=""background-color: red;"">
	</td>
</tr>
<tr>
	<td>
		gws255312, Лента напольная, черно-желтая
	</td>
	<td style=""background-color: yellow;"">
	</td>
	<td style=""background-color: black;"">
	</td>
	<td style=""background-color: yellow;"">
	</td>
</tr>
<tr>
	<td rowspan=""8"">
		<strong>75 мм</strong>
	</td>
	<td>
		gws58250, Лента напольная, желтая
	</td>
	<td colspan=""3"" style=""background-color: yellow;"">
	</td>
</tr>
<tr>
	<td>
		gws58251, Лента напольная, красная
	</td>
	<td colspan=""3"" style=""background-color: red;"">
	</td>
</tr>
<tr>
	<td>
		gws58252, Лента напольная, зеленая
	</td>
	<td colspan=""3"" style=""background-color: green;"">
	</td>
</tr>
<tr>
	<td>
		gws58253, Лента напольная, белая
	</td>
	<td colspan=""3"" style=""background-color: white;"">
	</td>
</tr>
<tr>
	<td>
		gws58221, Лента напольная, синяя
	</td>
	<td colspan=""3"" style=""background-color: blue;"">
	</td>
</tr>
<tr>
	<td>
		gws58223, Лента напольная, черная
	</td>
	<td colspan=""3"" style=""background-color: black;"">
	</td>
</tr>
<tr>
	<td>
		gws255297, Лента напольная, красно-белая
	</td>
	<td style=""background-color: red;"" width=""30"">
	</td>
	<td style=""background-color: white;"" width=""30"">
	</td>
	<td style=""background-color: red;"" width=""30"">
	</td>
</tr>
<tr>
	<td>
		gws255313, Лента напольная, черно-желтая
	</td>
	<td style=""background-color: yellow;"">
	</td>
	<td style=""background-color: black;"">
	</td>
	<td style=""background-color: yellow;"">
	</td>
</tr>
<tr>
	<td colspan=""6"">
		Промышленный винил для внутренних работ B-950. Диапазон температур от -40°С до +80°С. Длина 16.5 м.
	</td>
</tr>
<tr>
	<td rowspan=""4"">
		<strong>50 мм</strong>
	</td>
	<td style=""text-align: left;"">
		gws55292, Прочная напольная маркировочная лента для разметки, черно-белая
	</td>
	<td style=""background-color: black;"">
	</td>
	<td style=""background-color: white;"">
	</td>
	<td style=""background-color: black;"">
	</td>
</tr>
<tr>
	<td style=""text-align: left;"">
		gws55296,Прочная напольная маркировочная лента для разметки, красно-белая
	</td>
	<td style=""background-color: white;"">
	</td>
	<td style=""background-color: red;"">
	</td>
	<td style=""background-color: white;"">
	</td>
</tr>
<tr>
	<td style=""text-align: left;"">
		gws55302,Прочная напольная маркировочная лента для разметки, черно-желтая
	</td>
	<td style=""background-color: yellow;"">
	</td>
	<td style=""background-color: black;"">
	</td>
	<td style=""background-color: yellow;"">
	</td>
</tr>
<tr>
	<td style=""text-align: left;"">
		gws55313,Прочная напольная маркировочная лента для разметки, желто-розовая
	</td>
	<td style=""background-color: pink;"">
	</td>
	<td style=""background-color: yellow;"">
	</td>
	<td style=""background-color: pink;"">
	</td>
</tr>
<tr>
	<td rowspan=""4"">
		<strong>75 мм</strong>
	</td>
	<td>
		gws55293,Прочная напольная маркировочная лента для разметки, черно-белая
	</td>
	<td style=""background-color: black;"">
	</td>
	<td style=""background-color: white;"">
	</td>
	<td style=""background-color: black;"">
	</td>
</tr>
<tr>
	<td>
		gws55297,Прочная напольная маркировочная лента для разметки, красно-белая
	</td>
	<td style=""background-color: white;"">
	</td>
	<td style=""background-color: red;"">
	</td>
	<td style=""background-color: white;"">
	</td>
</tr>
<tr>
	<td>
		gws55303,Прочная напольная маркировочная лента для разметки, черно-желтая
	</td>
	<td style=""background-color: yellow;"">
	</td>
	<td style=""background-color: black;"">
	</td>
	<td style=""background-color: yellow;"">
	</td>
</tr>
<tr>
	<td>
		gws55314,Прочная напольная маркировочная лента для разметки, желто-розовая
	</td>
	<td style=""background-color: pink;"">
	</td>
	<td style=""background-color: yellow;"">
	</td>
	<td style=""background-color: pink;"">
	</td>
</tr>
</tbody>
</table>";html;lenty-dlya-napolnoy-razmetki-tseny-popolam;500;;;;;
238016;Ударно-точечный маркиратор ec-1 по цене 2019 года;238016;Y;;;;<p>Успейте стать владельцем маркиратора ec-1 по акционной цене.</p>;html;;"<p style=""text-align: justify;"">
	 Стационарный маркиратор <a href=""products/1716-ec1"">SIC Marking ec-1</a> разработан для маркировки деталей небольшого и среднего размера, нанесения переменных данных, логотипов, 2D кодов. На любом материале, от пластика до закаленной стали твердостью 62 HRC, вы гарантированно получите точную и четкую маркировку.
</p>
<p style=""text-align: justify;"">
	 Маркировка шильдов, паспортных табличек, защита продукции от подделок, решение задачи прослеживаемости в производственном цикле - далеко не весь перечень задач, с которыми успешно справляется EC1.
</p>
<p>
 <strong>Ключевые особенности:</strong>
</p>
<ul>
	<li>Глубина маркировки: до 0,3 мм по стали твердостью до 62 HRc</li>
	<li>Размер маркировочного окна: 120х100 мм</li>
	<li>Быстрая маркировка: до 3 символов в секунду</li>
	<li>Не требует подключения к ПК и пневматической линии для работы</li>
	<li>Один источник питания: розетка 220В</li>
</ul>
<p style=""text-align: justify;"">
	 Более 100 машин EC1 успешно работают в основных отраслях российской промышленности. Каждый четвертый, проданный в России маркиратор SIC Marking – это EC1.
</p>
<p>
	 При такой популярности<strong> ЮМП сохранила цену 2019 года на маркиротор EC1. 7 аппаратов доступны по акционной цене 259 000 руб. без НДС.</strong><br>
	 Не забудьте указать код акции <strong>sic2020-10</strong> при оформлении заказа.<br>
 <a href=""about/promo/1261-nashe-luchshee-predlozhenie-na-udarno-tochechnyj-markirator-sic""><strong>ПОДРОБНОСТИ</strong></a>
</p>";html;udarno-tochechnyy-markirator-ec-1-po-tsene-2019-goda;500;;;;;
238017;Прекращение поставок пресс-инструментов серии KLAUKE-Pro;238017;Y;;;;<p>Успейте приобрести инструменты KLAUKE-Pro со склада ЮМП по специальной цене.</p>;html;;"<p style=""text-align: justify; margin-bottom: 1.5em;"">
	Компания KLAUKE сообщила об исключении из своего ассортимента всех механических инструментов серии KLAUKE-Pro, а именно, базовых рукояток, пресс-голов и наборов рукояток и пресс-голов. К этой серии относятся инструменты из каталога KLAUKE следующих артикулов:
</p>
<table style=""width: 800px;"" cellspacing=""1"" cellpadding=""1"">
<tbody>
<tr>
	<td>
		<strong>KP1</strong>
	</td>
	<td>
		<strong>KP1L</strong>
	</td>
	<td>
		<strong>KP312</strong>
	</td>
	<td>
		<strong>KP303</strong>
	</td>
	<td>
		<strong>KP304</strong>
	</td>
	<td>
		<strong>KP350</strong>
	</td>
</tr>
<tr>
	<td>
		<strong>KP351</strong>
	</td>
	<td>
		<strong>KP352</strong>
	</td>
	<td>
		<strong>KP66</strong>
	</td>
	<td>
		<strong>KP80</strong>
	</td>
	<td>
		<strong>KP81</strong>
	</td>
	<td>
		<strong>KP82</strong>
	</td>
</tr>
<tr>
	<td>
		<strong>KP83</strong>
	</td>
	<td>
		<strong>KP232</strong>
	</td>
	<td>
		<strong>KP242</strong>
	</td>
	<td>
		<strong>KP631</strong>
	</td>
	<td>
		<strong>KP632</strong>
	</td>
	<td>
		<strong>KP64</strong>
	</td>
</tr>
<tr>
	<td>
		<strong>KP65</strong>
	</td>
	<td>
		<strong>KP67</strong>
	</td>
	<td>
		<strong>KP68</strong>
	</td>
	<td>
		<strong>SKP1</strong>
	</td>
	<td>
		<strong>SKP2</strong>
	</td>
	<td>
		<strong>KP90MC31</strong>
	</td>
</tr>
</tbody>
</table>
<p style=""text-align: justify; margin-top: 1.5em;"">
	На складе производителя в Германии этих инструментов в наличии больше нет. На данный момент KLAUKE не предлагает в качестве замены инструментов серии KLAUKE-Pro какие-либо другие инструменты, схожие по конструкции, назначению и техническим характеристикам.
</p>
<p style=""text-align: justify;"">
	ЮМП останавливает поставки инструментов серии KLAUKE-Pro, а имеющиеся на складах ЮМП остатки этих инструментов будут доступны по специальным сниженным ценам. Подробности уточняйте у специалистов в представительствах <a href=""contacts/?contact_type=%d0%9f%d1%80%d0%b5%d0%b4%d1%81%d1%82%d0%b0%d0%b2%d0%b8%d1%82%d0%b5%d0%bb%d1%8c%d1%81%d1%82%d0%b2%d0%be&contact_city="">ЮМП</a>.
</p>";html;prekrashchenie-postavok-press-instrumentov-serii-klauke-pro;500;;;;;
238018;Соблюдайте безопасную дистанцию;238018;Y;;;;<p>Знаки и материалы BRADY для обозначения социальной дистанции.</p>;html;;"<p style=""text-align: justify;"">
	 В связи со сложившейся ситуацией стремительного распространения коронавирусной инфекции Роспотребнадзор призывает граждан соблюдать в общественных местах социальную дистанцию в 1,5 - 2 метра, а ВОЗ признала безопасным расстояние в 4 метра. Мы объединили в одном новостном блоке самые востребованные и доступные решения BRADY для профилактики COVID-19.
</p>
<p style=""text-align: justify;"">
 <strong>Почему стоит выбрать напольную маркировку BRADY?</strong>
</p>
<p style=""text-align: justify;"">
	 Более 100 лет корпорация BRADY специализируется на производстве высокопрочных материалов, выдерживающих самые сложные условия эксплуатации. Из нескольких сотен материалов, доступных нашим клиентам, для решения индивидуальных задач по маркировке против COVID-19, мы подбираем оптимальное решение с учетом всех необходимых требований заказчика.
</p>
<p style=""text-align: justify;"">
 <strong>Напольный знак «СОБЛЮДАЙТЕ БЕЗОПАСНУЮ ДИСТАНЦИЮ»</strong>
</p>
<table class=""width: 800px;"">
<tbody>
<tr>
	<td colspan=""2"">
 <img src=""images/news/COVID_SIGN_UMP_600.jpg"" alt="""" style=""float: left;"">
	</td>
</tr>
<tr>
	<td width=""300"">
		<p>
		</p>
		<p>
 <img src=""images/news/label_brady.jpg"" style=""float: left;"">
		</p>
	</td>
	<td width=""400"">
 <span style=""font-size: small; line-height: 1.5;""><strong>Материал B-7541 – это:</strong></span><span style=""font-size: small; line-height: 1.5;""><br>
		 1. верхний слой – прозрачный полиэфирный ламинат</span><span style=""font-size: small; line-height: 1.5;""><br>
		 2. базовый материал с напечатанной информацией</span><span style=""font-size: small; line-height: 1.5;""><br>
		 3. постоянный, чувствительный к давлению, адгезив</span><span style=""font-size: small; line-height: 1.5;""><br>
		 4. подложка</span>
	</td>
</tr>
</tbody>
</table>
<p style=""text-align: justify; margin-top: 1.5em;"">
 <strong>Особенности материала:<br>
 </strong>B-7541 используется для маркировки плоских и изогнутых поверхностей. Специальный клеевой состав обеспечивает отличную адгезию к поверхностям с низкой поверхностной энергией, таким как полипропилен и ABS, а также к большинству порошковых покрытий.<strong><br>
 </strong>
</p>
<p>
 <strong>Характеристики материала</strong> <strong>B</strong><strong>-7541</strong><strong>:</strong>
</p>
<ul>
	<li>Клейкость (Polyken™ Probe Tack, 1 секунда, разделение 1 см/с): 578 г</li>
	<li>Минимальная температура нанесения: +10°C</li>
	<li>Температура эксплуатации: от -40°C до +110°C</li>
	<li>Устойчивость к ультрафиолету, влажности и перепадам температур</li>
	<li style=""text-align: justify;"">Знак можно протирать водой и моющими веществами (устойчив к химическим реагентам, таким как: минеральное масло, 5% гидроксид натрия, 5% хлорид натрия, 5% сульфидная кислота, 2% мыльный раствор)</li>
</ul>
<p style=""text-align: justify;"">
	 Яркий и заметный знак «СОБЛЮДАЙТЕ БЕЗОПАСНУЮ ДИСТАНЦИЮ» отлично держится на поверхности, устойчив к воздействию моющих средств и постоянному пешеходному трафику. Для максимального визуального эффекта рекомендуем использовать знак вместе с контурными метками «СЛЕД» из износоустойчивого материала ToughStripe.
</p>
<table class=""table table-bordered"" style=""width: 800px;"">
<tbody>
<tr>
	<th>
		 Артикул
	</th>
	<th colspan=""2"">
		 Описание
	</th>
	<th>
		 Наличие<br>
		 на складе
	</th>
</tr>
<tr>
	<td rowspan=""2"">
		 gwsz1279*
	</td>
	<td colspan=""2"">
 <img src=""images/news/COVID_SIGN_UMP_600.jpg"" alt="""" style=""display: block; margin-bottom: 0.7em; margin-top: 0.7em; margin-left: auto; margin-right: auto;"">
	</td>
	<td rowspan=""2"" style=""text-align: center;"">
		 да
	</td>
</tr>
<tr>
	<td colspan=""2"" style=""text-align: left;"">
		 Знак ""Соблюдайте безопасную дистанцию"", 800 х 80 мм, ламинированный полиэстер B-7541 (для поверхностей<br>
		 с порошковым покрытием, из полипропилена и ABS пластика), 1 шт. в упаковке
	</td>
</tr>
<tr>
	<td>
		 gws104409
	</td>
	<td>
 <img src=""images/news/Y.jpg"" alt="""" style=""display: block; margin-left: auto; margin-right: auto;"">
	</td>
	<td>
		 Следы, длина 254 мм, ширина 89 мм, желтые, (10 шт./упак. - 5 правых и 5 левых).<br>
		 Материал B-514
	</td>
	<td style=""text-align: center;"">
		 да
	</td>
</tr>
<tr>
	<td>
		 gws104407
	</td>
	<td>
 <img src=""images/news/G.jpg"" alt="""" style=""display: block; margin-left: auto; margin-right: auto;"">
	</td>
	<td>
		 Следы, длина 254 мм, ширина 89 мм, зеленые, 10 шт./упак. - 5 правых и 5 левых).<br>
		 Материал B-514
	</td>
	<td style=""text-align: center;"">
		 да
	</td>
</tr>
<tr>
	<td>
		 gws104406
	</td>
	<td>
 <img src=""images/news/R.jpg"" alt="""" style=""display: block; margin-left: auto; margin-right: auto;"">
	</td>
	<td>
		 Следы, длина 254 мм, ширина 89 мм, красные, (10 шт./упак. - 5 правых и 5 левых).<br>
		 Материал B-514
	</td>
	<td style=""text-align: center;"">
		 да
	</td>
</tr>
<tr>
	<td>
		 gws104408
	</td>
	<td>
 <img src=""images/news/B.jpg"" alt="""" style=""display: block; margin-left: auto; margin-right: auto;"">
	</td>
	<td>
		 Следы, длина 254 мм, ширина 89 мм, синие, (10 шт./упак. - 5 правых и 5 левых).<br>
		 Материал B-514
	</td>
	<td style=""text-align: center;"">
		 да
	</td>
</tr>
<tr>
	<td>
		 gws104410
	</td>
	<td>
 <img src=""images/news/BK.jpg"" alt="""" style=""display: block; margin-left: auto; margin-right: auto;"">
	</td>
	<td>
		 Следы, длина 254 мм, ширина 89 мм, черные, (10 шт./упак. - 5 правых и 5 левых).<br>
		 Материал B-514
	</td>
	<td style=""text-align: center;"">
		 под заказ**
	</td>
</tr>
<tr>
	<td>
		 gws104411
	</td>
	<td>
 <img src=""images/news/W.jpg"" alt="""" style=""display: block; margin-left: auto; margin-right: auto;"">
	</td>
	<td>
		 Следы, длина 254 мм, ширина 89 мм, белые, (10 шт./упак. - 5 правых и 5 левых).<br>
		 Материал B-514
	</td>
	<td style=""text-align: center;"">
		 под заказ**
	</td>
</tr>
</tbody>
</table>
 <address>* при заказе gwsz1279 более 100 шт. предоставляется специальная цена (по запросу)<br>
 ** средний срок поставки заказных материалов 6 недель</address>
<p style=""text-align: justify; margin-top: 1.5em;"">
 <strong>Напольные ленты для сигнальной разметки и визуализации пространства</strong>
</p>
<table class=""table table-bordered"" style=""width: 800px;"">
<tbody>
<tr>
	<th>
		 Напольная лента ToughStripe<br>
		 материал B-514
	</th>
	<th>
		 Напольная виниловая лента<br>
		 материал B-726 / ПВХ (эконом)
	</th>
	<th>
		 Напольная виниловая лента<br>
		 материал B-950
	</th>
</tr>
<tr>
	<td>
 <img src=""images/news/B-514_250.jpg"" alt="""" style=""display: block; margin-left: auto; margin-right: auto;"">
	</td>
	<td>
 <img src=""images/news/vinyl_250.jpg"" alt="""" style=""display: block; margin-left: auto; margin-right: auto;"">
	</td>
	<td>
 <img src=""images/news/B-950_250.jpg"" alt="""">
	</td>
</tr>
<tr>
	<td colspan=""3"" style=""text-align: center;"">
 <span style=""font-size: small;""><strong>Ширина, мм</strong></span>
	</td>
</tr>
<tr>
	<td style=""text-align: center;"">
		 50,80<br>
		 76,20<br>
		 101,60
	</td>
	<td style=""text-align: center;"">
		 38,00<br>
		 50,00<br>
		 75,00<br>
		 принимаются заявки на производство<br>
		 ленты эконом другой ширины
	</td>
	<td style=""text-align: center;"">
		 25,00<br>
		 38,00<br>
		 50,00<br>
		 75,00
	</td>
</tr>
<tr>
	<td colspan=""3"" style=""text-align: center;"">
 <span style=""font-size: small;""><strong>Длина, м</strong></span>
	</td>
</tr>
<tr>
	<td style=""text-align: center;"">
		 30,48
	</td>
	<td style=""text-align: center;"">
		 33
	</td>
	<td style=""text-align: center;"">
		 16,50
	</td>
</tr>
<tr>
	<td colspan=""3"" style=""text-align: center;"">
 <span style=""font-size: small;""><strong>Толщина материала, мкн</strong></span>
	</td>
</tr>
<tr>
	<td style=""text-align: center;"">
		 200
	</td>
	<td style=""text-align: center;"">
		 140
	</td>
	<td style=""text-align: center;"">
		 150
	</td>
</tr>
<tr>
	<td colspan=""3"" style=""text-align: center;"">
 <span style=""font-size: small;""><strong>Диапазон температур</strong></span>
	</td>
</tr>
<tr>
	<td style=""text-align: center;"">
		 -18°C до +54°C
	</td>
	<td style=""text-align: center;"">
		 -40°C до +80°C
	</td>
	<td style=""text-align: center;"">
		 -40°C до +80°C
	</td>
</tr>
<tr>
	<td colspan=""3"" style=""text-align: center;"">
 <span style=""font-size: small;""><strong>Цвет</strong></span>
	</td>
</tr>
<tr>
	<td style=""text-align: center;"">
 <a href=""products/1540-napolnaya-lenta-ts-poliester-v-514"">19 вариантов</a>
	</td>
	<td style=""text-align: center;"">
 <a href=""products/535-napolnay-lenta-726"">6 вариантов</a>
	</td>
	<td style=""text-align: center;"">
 <a href=""products/612-napolnaya-lenta-vinil-v-950"">4 варианта</a>
	</td>
</tr>
<tr>
	<td colspan=""3"" style=""text-align: center;"">
 <span style=""font-size: small;""><strong>Акционная цена при заказе от 25 шт.</strong></span>
	</td>
</tr>
<tr>
	<td style=""text-align: center;"">
		 нет
	</td>
	<td style=""text-align: center;"">
 <a href=""index.php/about/promo/228-spetsialnye-samokleyushchiesya-lenty-tseny-popolam-tolko-sejchas"">да</a><br>
		 (кроме лент эконом)
	</td>
	<td style=""text-align: center;"">
 <a href=""index.php/about/promo/228-spetsialnye-samokleyushchiesya-lenty-tseny-popolam-tolko-sejchas"">да</a>
	</td>
</tr>
</tbody>
</table>
<div style=""clear: both;"">
</div>
<p>
	 Полный ассортимент лент для напольной разметки представлен в разделе <a href=""products/safety/signals"">Промышленная безопасность</a><br>
	 Информацию по наличию лент и знаков на складах ЮМП уточняйте у менеджеров в представительствах <a href=""contacts/?contact_type=%d0%9f%d1%80%d0%b5%d0%b4%d1%81%d1%82%d0%b0%d0%b2%d0%b8%d1%82%d0%b5%d0%bb%d1%8c%d1%81%d1%82%d0%b2%d0%be&contact_city="">ЮМП</a> и у официальных дилеров.
</p>";html;soblyudayte-bezopasnuyu-distantsiyu;500;;;;;
